{
    "case_id": "603A_trans_pruned",
    "commit": "6bc02f8a600b35639bc9a4281695400e8a9a5606",
    "metrics": {
        "FLE_100": 1.2327816586392084,
        "FLE_50": 0.42444303305690545,
        "FLE_50_near_isocenter": 0.42444303305690545,
        "phi_degrees": -0.00019440219592700063,
        "registration_shift": 5.018377245898073,
        "theta_degrees": -0.012666700764583897,
        "x": -4.2176730376441665,
        "xi_degrees": 0.007407855220482243,
        "y": 1.046791973043736,
        "z": 2.5098945983543124
    },
    "ran_on": 1515558637.188287,
    "repo_dirty": true,
    "result_id": "1515558637.188287_6bc02f8a600b35639bc9a4281695400e8a9a5606",
    "status": "unknown",
    "suite_id": "registration"
}