{
    "case_id": "603A_rot_trans",
    "commit": "6bc02f8a600b35639bc9a4281695400e8a9a5606",
    "metrics": {
        "FLE_100": 2.420524868445387,
        "FLE_50": 0.982034683903223,
        "FLE_50_near_isocenter": 0.982034683903223,
        "phi_degrees": -2.0937290691467227,
        "registration_shift": 4.450679629992199,
        "theta_degrees": 2.058762814687156,
        "x": -2.396477829956279,
        "xi_degrees": 3.8392314557024645,
        "y": 3.5784892324830486,
        "z": -1.1224339590187136
    },
    "ran_on": 1515558657.920525,
    "repo_dirty": true,
    "result_id": "1515558657.920525_6bc02f8a600b35639bc9a4281695400e8a9a5606",
    "status": "unknown",
    "suite_id": "registration"
}