{
    "case_id": "603A_worstcase",
    "commit": "6bc02f8a600b35639bc9a4281695400e8a9a5606",
    "metrics": {
        "FLE_100": 2.580277034814752,
        "FLE_50": 0.961571815259753,
        "FLE_50_near_isocenter": 0.961571815259753,
        "phi_degrees": -2.14881045806123,
        "registration_shift": 4.960163952981193,
        "theta_degrees": 2.3908297935121734,
        "x": -1.8285393422187561,
        "xi_degrees": 3.929968111467775,
        "y": 4.415239381363149,
        "z": -1.328657788774888
    },
    "ran_on": 1515558702.034142,
    "repo_dirty": true,
    "result_id": "1515558702.034142_6bc02f8a600b35639bc9a4281695400e8a9a5606",
    "status": "fail",
    "suite_id": "registration"
}