{
    "case_id": "603A_trans_pruned",
    "commit": "e1bdc964021cb0502128f568a5ef8330ba240606",
    "metrics": {
        "FLE_100": 1.2327820053110403,
        "FLE_50": 0.4244430578698753,
        "FLE_50_near_isocenter": 0.4244430578698753,
        "phi_degrees": -0.0001940645111254679,
        "registration_shift": 5.018378534713192,
        "theta_degrees": -0.012665266669612108,
        "x": -4.217674478748886,
        "xi_degrees": 0.00740767579815908,
        "y": 1.0467916079390884,
        "z": 2.509894905873301
    },
    "ran_on": 1516248865.255286,
    "repo_dirty": true,
    "result_id": "1516248865.255286_e1bdc964021cb0502128f568a5ef8330ba240606",
    "status": "fail",
    "suite_id": "registration"
}