{
    "case_id": "603A_small_trans",
    "commit": "e1bdc964021cb0502128f568a5ef8330ba240606",
    "metrics": {
        "FLE_100": 1.2584585776728638,
        "FLE_50": 0.4439870677767838,
        "FLE_50_near_isocenter": 0.4439870677767838,
        "phi_degrees": 0.032441091901238006,
        "registration_shift": 4.992613919208308,
        "theta_degrees": -0.014731488220602565,
        "x": -4.185951432439483,
        "xi_degrees": 0.01074499386711603,
        "y": 1.010349703707353,
        "z": 2.526499124826456
    },
    "ran_on": 1516248844.126956,
    "repo_dirty": true,
    "result_id": "1516248844.126956_e1bdc964021cb0502128f568a5ef8330ba240606",
    "status": "pass",
    "suite_id": "registration"
}