{
    "case_id": "603A_worstcase",
    "commit": "e1bdc964021cb0502128f568a5ef8330ba240606",
    "metrics": {
        "FLE_100": 2.580449957979705,
        "FLE_50": 0.9613635591325377,
        "FLE_50_near_isocenter": 0.9613635591325377,
        "phi_degrees": -2.1478082771910714,
        "registration_shift": 4.960141955984746,
        "theta_degrees": 2.3907496047244656,
        "x": -1.8285799364206137,
        "xi_degrees": 3.9300177468319104,
        "y": 4.415218811672212,
        "z": -1.3285881546574096
    },
    "ran_on": 1516249333.082097,
    "repo_dirty": true,
    "result_id": "1516249333.082097_e1bdc964021cb0502128f568a5ef8330ba240606",
    "status": "fail",
    "suite_id": "registration"
}