{
    "case_id": "603A_big_trans",
    "commit": "e1bdc964021cb0502128f568a5ef8330ba240606",
    "metrics": {
        "FLE_100": 4.014021429905432,
        "FLE_50": 1.3725279459707493,
        "FLE_50_near_isocenter": 1.3725279459707493,
        "phi_degrees": 2.7938981258685334,
        "registration_shift": 53.91569400156542,
        "theta_degrees": -4.14209379497638,
        "x": -45.509450770619544,
        "xi_degrees": 4.395362243869757,
        "y": 11.222902180319064,
        "z": 26.6427929631633
    },
    "ran_on": 1516249674.956845,
    "repo_dirty": true,
    "result_id": "1516249674.956845_e1bdc964021cb0502128f568a5ef8330ba240606",
    "status": "fail",
    "suite_id": "registration"
}