{
    "case_id": "603A_rot_trans",
    "commit": "e1bdc964021cb0502128f568a5ef8330ba240606",
    "metrics": {
        "FLE_100": 2.4206131058634366,
        "FLE_50": 0.9822128547648903,
        "FLE_50_near_isocenter": 0.9822128547648903,
        "phi_degrees": -2.093542181604344,
        "registration_shift": 4.450695096138047,
        "theta_degrees": 2.05878439432103,
        "x": -2.396470665363478,
        "xi_degrees": 3.8388742040924866,
        "y": 3.578517082401011,
        "z": -1.122421792288331
    },
    "ran_on": 1516249244.373842,
    "repo_dirty": true,
    "result_id": "1516249244.373842_e1bdc964021cb0502128f568a5ef8330ba240606",
    "status": "fail",
    "suite_id": "registration"
}