{
    "case_id": "604_big_trans",
    "commit": "e1bdc964021cb0502128f568a5ef8330ba240606",
    "metrics": {
        "FLE_100": 8.338009194722208,
        "FLE_50": 2.3912845073514126,
        "FLE_50_near_isocenter": 2.3912845073514126,
        "phi_degrees": 5.12924761375828,
        "registration_shift": 64.9267956071142,
        "theta_degrees": 3.802274468225458,
        "x": 43.829218193999296,
        "xi_degrees": 3.4949389983471537,
        "y": -43.95407878572107,
        "z": 19.040151743339916
    },
    "ran_on": 1516249545.482743,
    "repo_dirty": true,
    "result_id": "1516249545.482743_e1bdc964021cb0502128f568a5ef8330ba240606",
    "status": "fail",
    "suite_id": "registration"
}