{
    "case_id": "001",
    "commit": "d7f3442f29bcc3280e01bca0e807012dc5e7cd61",
    "metrics": {
        "pruned": {
            "FLE_0": {
                "p": 0,
                "r": 0.07580616284436069,
                "x": 2.3462620220016106e-06,
                "y": 0.0008915610514392824,
                "z": 0.002587621891763092
            },
            "FLE_100": {
                "p": 100,
                "r": 1.0402674497707927,
                "x": 0.6083585054311698,
                "y": 0.9310927421720976,
                "z": 0.8402848250426871
            },
            "FLE_25": {
                "p": 25,
                "r": 0.3263720512060348,
                "x": 0.08880874299914865,
                "y": 0.18898740468664332,
                "z": 0.06278492854521289
            },
            "FLE_50": {
                "p": 50,
                "r": 0.4009048084210429,
                "x": 0.176651906144059,
                "y": 0.2729830691896531,
                "z": 0.12996616756495882
            },
            "FLE_75": {
                "p": 75,
                "r": 0.4962699919139843,
                "x": 0.2664580546994415,
                "y": 0.3559636144031586,
                "z": 0.22745132887595076
            },
            "FLE_95": {
                "p": 95,
                "r": 0.6399913874760161,
                "x": 0.4133569207579692,
                "y": 0.4753989853552751,
                "z": 0.45381973632903083
            },
            "FLE_99": {
                "p": 99,
                "r": 0.8128803815678484,
                "x": 0.4935769722601632,
                "y": 0.6341823765104054,
                "z": 0.6041992027759319
            },
            "FPF": 0.028846153846153848,
            "TPF": 0.9619047619047619
        },
        "raw": {
            "FLE_0": {
                "p": 0,
                "r": 0.07580616284436069,
                "x": 2.3462620220016106e-06,
                "y": 0.0008915610514392824,
                "z": 0.002587621891763092
            },
            "FLE_100": {
                "p": 100,
                "r": 1.0402674497707927,
                "x": 0.6083585054311698,
                "y": 0.9310927421720976,
                "z": 0.8402848250426871
            },
            "FLE_25": {
                "p": 25,
                "r": 0.3258544040626742,
                "x": 0.08875975544756898,
                "y": 0.18866732454054613,
                "z": 0.06319101175256492
            },
            "FLE_50": {
                "p": 50,
                "r": 0.4009048084210429,
                "x": 0.176651906144059,
                "y": 0.2721923144934948,
                "z": 0.13334808992591718
            },
            "FLE_75": {
                "p": 75,
                "r": 0.49654208340753336,
                "x": 0.26678450159062095,
                "y": 0.3540586967666215,
                "z": 0.22442308457995352
            },
            "FLE_95": {
                "p": 95,
                "r": 0.6399574351028583,
                "x": 0.41953932017543427,
                "y": 0.4746028408029702,
                "z": 0.45379641402600157
            },
            "FLE_99": {
                "p": 99,
                "r": 0.8120154251283372,
                "x": 0.49315920130174634,
                "y": 0.6340313051699467,
                "z": 0.6041057204812169
            },
            "FPF": 0.9045682102628285,
            "TPF": 0.9682539682539683
        }
    },
    "ran_on": 1496976473.415717,
    "repo_dirty": true,
    "result_id": "1496976473.415717_d7f3442f29bcc3280e01bca0e807012dc5e7cd61",
    "status": "error",
    "suite_id": "feature-detection"
}