{
    "case_id": "006",
    "commit": "d7f3442f29bcc3280e01bca0e807012dc5e7cd61",
    "metrics": {
        "pruned": {
            "FLE_0": {
                "p": 0,
                "r": 0.11886850103894811,
                "x": 0.05790374569897949,
                "y": 0.00047517339720570817,
                "z": 1.6342482922482304e-13
            },
            "FLE_100": {
                "p": 100,
                "r": 2.1262187830821477,
                "x": 2.062076003501403,
                "y": 1.0125963440431747,
                "z": 1.0499999999998408
            },
            "FLE_25": {
                "p": 25,
                "r": 0.8857760244317539,
                "x": 0.7957912195495105,
                "y": 0.06696916237478234,
                "z": 0.09999999999963904
            },
            "FLE_50": {
                "p": 50,
                "r": 1.073929484358266,
                "x": 1.0387685873031316,
                "y": 0.16347886970130787,
                "z": 0.19999999999952678
            },
            "FLE_75": {
                "p": 75,
                "r": 1.321660588995052,
                "x": 1.240529846590995,
                "y": 0.28123482131678657,
                "z": 0.2999999999996561
            },
            "FLE_95": {
                "p": 95,
                "r": 1.661371816659468,
                "x": 1.5814751135103875,
                "y": 0.4984037575358373,
                "z": 0.6149999999999245
            },
            "FLE_99": {
                "p": 99,
                "r": 1.8445883172742277,
                "x": 1.8196360398340545,
                "y": 0.7403936507963769,
                "z": 0.8909999999996306
            },
            "FPF": 0.0718562874251497,
            "TPF": 0.9567901234567902
        },
        "raw": {
            "FLE_0": {
                "p": 0,
                "r": 0.11886850103894811,
                "x": 0.05790374569897949,
                "y": 0.00047517339720570817,
                "z": 1.6342482922482304e-13
            },
            "FLE_100": {
                "p": 100,
                "r": 2.1262187830821477,
                "x": 2.062076003501403,
                "y": 1.0125963440431747,
                "z": 1.0499999999998408
            },
            "FLE_25": {
                "p": 25,
                "r": 0.8857760244317539,
                "x": 0.7957912195495105,
                "y": 0.06696916237478234,
                "z": 0.09999999999963904
            },
            "FLE_50": {
                "p": 50,
                "r": 1.073929484358266,
                "x": 1.0387685873031316,
                "y": 0.16347886970130787,
                "z": 0.19999999999952678
            },
            "FLE_75": {
                "p": 75,
                "r": 1.321660588995052,
                "x": 1.240529846590995,
                "y": 0.28123482131678657,
                "z": 0.2999999999996561
            },
            "FLE_95": {
                "p": 95,
                "r": 1.661371816659468,
                "x": 1.5814751135103875,
                "y": 0.4984037575358373,
                "z": 0.6149999999999245
            },
            "FLE_99": {
                "p": 99,
                "r": 1.8445883172742277,
                "x": 1.8196360398340545,
                "y": 0.7403936507963769,
                "z": 0.8909999999996306
            },
            "FPF": 0.5467836257309941,
            "TPF": 0.9567901234567902
        }
    },
    "ran_on": 1496964606.479243,
    "repo_dirty": true,
    "result_id": "1496964606.479243_d7f3442f29bcc3280e01bca0e807012dc5e7cd61",
    "status": "error",
    "suite_id": "feature-detection"
}