{
    "case_id": "1540-075",
    "commit": "0156bbfd0f7bd9b22295d077b7419234fb4f4d2a",
    "metrics": {
        "FLE_0": {
            "r": 0.03162322079164801,
            "x": 5.501019941789309e-05,
            "y": 0.0005249870046952765,
            "z": 4.469335834045296e-05
        },
        "FLE_100": {
            "r": 0.360408031208541,
            "x": 0.11695452828934805,
            "y": 0.35067692991513866,
            "z": 0.22482701203136912
        },
        "FLE_25": {
            "r": 0.06376714793646057,
            "x": 0.016685414205081628,
            "y": 0.02131395644353873,
            "z": 0.03099468445044984
        },
        "FLE_50": {
            "r": 0.08692225935299516,
            "x": 0.03718399177155618,
            "y": 0.03602408073891894,
            "z": 0.049886956067766164
        },
        "FLE_75": {
            "r": 0.1377496347036727,
            "x": 0.04985933910887397,
            "y": 0.05895493399515317,
            "z": 0.09381496337256401
        },
        "FLE_95": {
            "r": 0.21989066108669603,
            "x": 0.0734755808317885,
            "y": 0.13314032239261303,
            "z": 0.19173388734949837
        },
        "FLE_99": {
            "r": 0.34009677907979236,
            "x": 0.08888889631252606,
            "y": 0.2983733707379381,
            "z": 0.21892151281342617
        },
        "FPF": 0.0,
        "TPF": 1.0
    },
    "passed": false,
    "ran_on": 1486683531.749333,
    "repo_dirty": true,
    "result_id": "1486683531.749333_0156bbfd0f7bd9b22295d077b7419234fb4f4d2a",
    "suite_id": "feature-detection"
}
