{
    "case_id": "603A-CT-2",
    "commit": "0e8dc8385a32984bd943e8874b02b0cb8cba2150",
    "metrics": {
        "90_percentile": 0.4889792186334962,
        "95_percentile": 0.571455046857779,
        "99_percentile": 0.6958282607921016,
        "FPF": 0.10614525139664804,
        "TPF": 0.9552238805970149,
        "fraction_of_volume_covered": 0.5576577312847336,
        "max_distortion": 0.8647714041014043,
        "median_distortion": 0.2537436638141288,
        "min_distortion": 0.0,
        "registration_shift": 85.56969330264445
    },
    "ran_on": 1522211456.559761,
    "repo_dirty": true,
    "result_id": "1522211456.559761_0e8dc8385a32984bd943e8874b02b0cb8cba2150",
    "status": "pass",
    "suite_id": "full-algorithm"
}