{
    "case_id": "604-CT-024",
    "commit": "f57c31fd275d5a2c450c661dbd0a3555feff127b",
    "metrics": {
        "90_distortion": 0.9816115812363239,
        "95_distortion": 1.1165886598262862,
        "99_distortion": 1.3251243889742557,
        "FPF": 0.0007630675314765357,
        "TPF": 0.9984750285932139,
        "fraction_of_volume_covered": 0.8002485668921442,
        "max_distortion": 1.5317394381433653,
        "mean_distortion": 0.5069352279771437,
        "median_distortion": 0.5182223914285309,
        "min_distortion": 0.0,
        "registration_shift": 0.506598468302394
    },
    "ran_on": 1530482295.091256,
    "repo_dirty": true,
    "result_id": "1530482295.091256_f57c31fd275d5a2c450c661dbd0a3555feff127b",
    "status": "unknown",
    "suite_id": "full-algorithm"
}