{
    "case_id": "604-CT-1",
    "commit": "0e8dc8385a32984bd943e8874b02b0cb8cba2150",
    "metrics": {
        "90_percentile": 1.016362435475535,
        "95_percentile": 1.171390252243539,
        "99_percentile": 1.371089359212228,
        "FPF": 0.011684885035808518,
        "TPF": 0.9996187571483035,
        "fraction_of_volume_covered": 0.7974037302137048,
        "max_distortion": 2.0323249001792596,
        "median_distortion": 0.46071848867269816,
        "min_distortion": 0.0,
        "registration_shift": 155.05418775400082
    },
    "ran_on": 1522212296.821718,
    "repo_dirty": true,
    "result_id": "1522212296.821718_0e8dc8385a32984bd943e8874b02b0cb8cba2150",
    "status": "unknown",
    "suite_id": "full-algorithm"
}